promotionid,campaignname,sku,startdate,enddate,discountpercent
PROMO-0001,Easter Basket,PRD-0068,2024-10-02,2024-10-15,0.25
PROMO-0001,Easter Basket,PRD-0125,2024-10-02,2024-10-15,0.25
PROMO-0001,Easter Basket,PRD-0081,2024-10-02,2024-10-15,0.25
PROMO-0002,Holiday Blowout,PRD-0088,2024-10-15,2024-10-25,0.25
PROMO-0002,Holiday Blowout,PRD-0132,2024-10-15,2024-10-25,0.25
PROMO-0003,Super Bowl Special,PRD-0130,2024-10-12,2024-10-29,0.15
PROMO-0003,Super Bowl Special,PRD-0081,2024-10-12,2024-10-29,0.15
PROMO-0003,Super Bowl Special,PRD-0106,2024-10-12,2024-10-29,0.15
PROMO-0003,Super Bowl Special,PRD-0141,2024-10-12,2024-10-29,0.15
PROMO-0004,Valentine Sale,PRD-0041,2024-10-06,2024-10-26,0.05
PROMO-0004,Valentine Sale,PRD-0072,2024-10-06,2024-10-26,0.05
PROMO-0005,Summer Refresh,PRD-0156,2024-10-16,2024-11-05,0.25
PROMO-0005,Summer Refresh,PRD-0030,2024-10-16,2024-11-05,0.25
PROMO-0005,Summer Refresh,PRD-0145,2024-10-16,2024-11-05,0.25
PROMO-0006,Fall Harvest,PRD-0078,2024-10-10,2024-10-18,0.15
PROMO-0006,Fall Harvest,PRD-0127,2024-10-10,2024-10-18,0.15
PROMO-0007,Super Bowl Special,PRD-0127,2024-10-14,2024-10-22,0.05
PROMO-0007,Super Bowl Special,PRD-0098,2024-10-14,2024-10-22,0.05
PROMO-0008,Holiday Blowout,PRD-0068,2024-11-13,2024-11-28,0.1
PROMO-0008,Holiday Blowout,PRD-0108,2024-11-13,2024-11-28,0.1
PROMO-0008,Holiday Blowout,PRD-0024,2024-11-13,2024-11-28,0.1
PROMO-0009,Fall Harvest,PRD-0094,2024-11-01,2024-11-13,0.25
PROMO-0010,Back to School,PRD-0132,2024-11-05,2024-11-12,0.15
PROMO-0010,Back to School,PRD-0041,2024-11-05,2024-11-12,0.15
PROMO-0010,Back to School,PRD-0126,2024-11-05,2024-11-12,0.15
PROMO-0011,Black Friday Preview,PRD-0063,2024-11-03,2024-11-10,0.2
PROMO-0011,Black Friday Preview,PRD-0044,2024-11-03,2024-11-10,0.2
PROMO-0011,Black Friday Preview,PRD-0155,2024-11-03,2024-11-10,0.2
PROMO-0012,Holiday Blowout,PRD-0068,2024-12-14,2024-12-22,0.05
PROMO-0012,Holiday Blowout,PRD-0086,2024-12-14,2024-12-22,0.05
PROMO-0012,Holiday Blowout,PRD-0035,2024-12-14,2024-12-22,0.05
PROMO-0013,Valentine Sale,PRD-0018,2024-12-14,2024-12-31,0.05
PROMO-0013,Valentine Sale,PRD-0032,2024-12-14,2024-12-31,0.05
PROMO-0013,Valentine Sale,PRD-0140,2024-12-14,2024-12-31,0.05
PROMO-0013,Valentine Sale,PRD-0151,2024-12-14,2024-12-31,0.05
PROMO-0014,Back to School,PRD-0042,2024-12-17,2025-01-02,0.12
PROMO-0014,Back to School,PRD-0083,2024-12-17,2025-01-02,0.12
PROMO-0015,Valentine Sale,PRD-0161,2024-12-20,2025-01-01,0.08
PROMO-0015,Valentine Sale,PRD-0117,2024-12-20,2025-01-01,0.08
PROMO-0016,Labor Day,PRD-0019,2024-12-22,2024-12-30,0.15
PROMO-0016,Labor Day,PRD-0147,2024-12-22,2024-12-30,0.15
PROMO-0016,Labor Day,PRD-0154,2024-12-22,2024-12-30,0.15
PROMO-0017,Easter Basket,PRD-0132,2024-12-18,2024-12-25,0.1
PROMO-0017,Easter Basket,PRD-0012,2024-12-18,2024-12-25,0.1
PROMO-0017,Easter Basket,PRD-0109,2024-12-18,2024-12-25,0.1
PROMO-0017,Easter Basket,PRD-0104,2024-12-18,2024-12-25,0.1
PROMO-0018,Easter Basket,PRD-0097,2024-12-01,2024-12-13,0.08
PROMO-0019,Spring Clean,PRD-0163,2024-12-22,2025-01-08,0.2
PROMO-0020,Fall Harvest,PRD-0050,2025-01-02,2025-01-14,0.2
PROMO-0020,Fall Harvest,PRD-0130,2025-01-02,2025-01-14,0.2
PROMO-0020,Fall Harvest,PRD-0135,2025-01-02,2025-01-14,0.2
PROMO-0021,Holiday Blowout,PRD-0010,2025-01-05,2025-01-13,0.25
PROMO-0021,Holiday Blowout,PRD-0084,2025-01-05,2025-01-13,0.25
PROMO-0021,Holiday Blowout,PRD-0059,2025-01-05,2025-01-13,0.25
PROMO-0021,Holiday Blowout,PRD-0012,2025-01-05,2025-01-13,0.25
PROMO-0022,New Year New You,PRD-0144,2025-01-02,2025-01-14,0.12
PROMO-0022,New Year New You,PRD-0111,2025-01-02,2025-01-14,0.12
PROMO-0022,New Year New You,PRD-0154,2025-01-02,2025-01-14,0.12
PROMO-0023,Back to School,PRD-0082,2025-01-02,2025-01-21,0.25
PROMO-0023,Back to School,PRD-0100,2025-01-02,2025-01-21,0.25
PROMO-0024,Easter Basket,PRD-0035,2025-01-21,2025-02-02,0.12
PROMO-0024,Easter Basket,PRD-0103,2025-01-21,2025-02-02,0.12
PROMO-0024,Easter Basket,PRD-0123,2025-01-21,2025-02-02,0.12
PROMO-0025,Labor Day,PRD-0140,2025-02-13,2025-02-25,0.25
PROMO-0025,Labor Day,PRD-0103,2025-02-13,2025-02-25,0.25
PROMO-0026,Super Bowl Special,PRD-0119,2025-02-09,2025-02-28,0.05
PROMO-0027,Summer Refresh,PRD-0154,2025-02-20,2025-03-12,0.1
PROMO-0027,Summer Refresh,PRD-0084,2025-02-20,2025-03-12,0.1
PROMO-0028,Easter Basket,PRD-0087,2025-02-03,2025-02-15,0.08
PROMO-0028,Easter Basket,PRD-0126,2025-02-03,2025-02-15,0.08
PROMO-0028,Easter Basket,PRD-0120,2025-02-03,2025-02-15,0.08
PROMO-0029,Back to School,PRD-0011,2025-02-15,2025-02-27,0.2
PROMO-0029,Back to School,PRD-0099,2025-02-15,2025-02-27,0.2
PROMO-0029,Back to School,PRD-0123,2025-02-15,2025-02-27,0.2
PROMO-0029,Back to School,PRD-0079,2025-02-15,2025-02-27,0.2
PROMO-0030,Black Friday Preview,PRD-0102,2025-02-03,2025-02-20,0.08
PROMO-0030,Black Friday Preview,PRD-0144,2025-02-03,2025-02-20,0.08
PROMO-0030,Black Friday Preview,PRD-0046,2025-02-03,2025-02-20,0.08
PROMO-0030,Black Friday Preview,PRD-0008,2025-02-03,2025-02-20,0.08
PROMO-0031,Valentine Sale,PRD-0009,2025-02-22,2025-03-13,0.25
PROMO-0031,Valentine Sale,PRD-0038,2025-02-22,2025-03-13,0.25
PROMO-0031,Valentine Sale,PRD-0019,2025-02-22,2025-03-13,0.25
PROMO-0031,Valentine Sale,PRD-0068,2025-02-22,2025-03-13,0.25
PROMO-0032,Memorial Day,PRD-0045,2025-03-12,2025-03-25,0.2
PROMO-0033,Super Bowl Special,PRD-0022,2025-03-12,2025-03-24,0.1
PROMO-0033,Super Bowl Special,PRD-0161,2025-03-12,2025-03-24,0.1
PROMO-0033,Super Bowl Special,PRD-0041,2025-03-12,2025-03-24,0.1
PROMO-0033,Super Bowl Special,PRD-0148,2025-03-12,2025-03-24,0.1
PROMO-0034,Fall Harvest,PRD-0071,2025-03-11,2025-03-28,0.2
PROMO-0034,Fall Harvest,PRD-0033,2025-03-11,2025-03-28,0.2
PROMO-0034,Fall Harvest,PRD-0007,2025-03-11,2025-03-28,0.2
PROMO-0035,Memorial Day,PRD-0158,2025-03-16,2025-03-31,0.2
PROMO-0035,Memorial Day,PRD-0034,2025-03-16,2025-03-31,0.2
PROMO-0035,Memorial Day,PRD-0075,2025-03-16,2025-03-31,0.2
PROMO-0035,Memorial Day,PRD-0074,2025-03-16,2025-03-31,0.2
PROMO-0036,Summer Refresh,PRD-0138,2025-03-07,2025-03-23,0.08
PROMO-0036,Summer Refresh,PRD-0059,2025-03-07,2025-03-23,0.08
PROMO-0036,Summer Refresh,PRD-0035,2025-03-07,2025-03-23,0.08
PROMO-0037,Labor Day,PRD-0026,2025-03-15,2025-03-24,0.15
PROMO-0037,Labor Day,PRD-0090,2025-03-15,2025-03-24,0.15
PROMO-0037,Labor Day,PRD-0097,2025-03-15,2025-03-24,0.15
PROMO-0037,Labor Day,PRD-0018,2025-03-15,2025-03-24,0.15
PROMO-0038,Holiday Blowout,PRD-0050,2025-04-10,2025-04-30,0.15
PROMO-0038,Holiday Blowout,PRD-0101,2025-04-10,2025-04-30,0.15
PROMO-0039,Spring Clean,PRD-0068,2025-04-04,2025-04-14,0.05
PROMO-0039,Spring Clean,PRD-0139,2025-04-04,2025-04-14,0.05
PROMO-0040,Summer Refresh,PRD-0131,2025-04-18,2025-05-04,0.15
PROMO-0040,Summer Refresh,PRD-0156,2025-04-18,2025-05-04,0.15
PROMO-0040,Summer Refresh,PRD-0039,2025-04-18,2025-05-04,0.15
PROMO-0041,Black Friday Preview,PRD-0135,2025-04-03,2025-04-14,0.25
PROMO-0041,Black Friday Preview,PRD-0147,2025-04-03,2025-04-14,0.25
PROMO-0041,Black Friday Preview,PRD-0116,2025-04-03,2025-04-14,0.25
PROMO-0041,Black Friday Preview,PRD-0115,2025-04-03,2025-04-14,0.25
PROMO-0042,Labor Day,PRD-0020,2025-04-03,2025-04-12,0.2
PROMO-0042,Labor Day,PRD-0127,2025-04-03,2025-04-12,0.2
PROMO-0042,Labor Day,PRD-0131,2025-04-03,2025-04-12,0.2
PROMO-0043,Back to School,PRD-0039,2025-04-12,2025-04-21,0.15
PROMO-0043,Back to School,PRD-0121,2025-04-12,2025-04-21,0.15
PROMO-0044,Holiday Blowout,PRD-0048,2025-05-17,2025-05-26,0.2
PROMO-0044,Holiday Blowout,PRD-0047,2025-05-17,2025-05-26,0.2
PROMO-0044,Holiday Blowout,PRD-0091,2025-05-17,2025-05-26,0.2
PROMO-0045,Labor Day,PRD-0024,2025-05-12,2025-05-27,0.2
PROMO-0045,Labor Day,PRD-0072,2025-05-12,2025-05-27,0.2
PROMO-0045,Labor Day,PRD-0058,2025-05-12,2025-05-27,0.2
PROMO-0046,Fall Harvest,PRD-0149,2025-05-09,2025-05-18,0.2
PROMO-0046,Fall Harvest,PRD-0027,2025-05-09,2025-05-18,0.2
PROMO-0046,Fall Harvest,PRD-0141,2025-05-09,2025-05-18,0.2
PROMO-0047,Black Friday Preview,PRD-0049,2025-05-19,2025-06-04,0.25
PROMO-0047,Black Friday Preview,PRD-0095,2025-05-19,2025-06-04,0.25
PROMO-0048,Valentine Sale,PRD-0162,2025-06-01,2025-06-09,0.1
PROMO-0049,New Year New You,PRD-0008,2025-06-07,2025-06-26,0.2
PROMO-0049,New Year New You,PRD-0140,2025-06-07,2025-06-26,0.2
PROMO-0049,New Year New You,PRD-0154,2025-06-07,2025-06-26,0.2
PROMO-0049,New Year New You,PRD-0083,2025-06-07,2025-06-26,0.2
PROMO-0050,Memorial Day,PRD-0085,2025-06-16,2025-06-26,0.08
PROMO-0050,Memorial Day,PRD-0128,2025-06-16,2025-06-26,0.08
PROMO-0050,Memorial Day,PRD-0020,2025-06-16,2025-06-26,0.08
PROMO-0050,Memorial Day,PRD-0016,2025-06-16,2025-06-26,0.08
PROMO-0051,Easter Basket,PRD-0060,2025-06-14,2025-06-28,0.25
PROMO-0051,Easter Basket,PRD-0096,2025-06-14,2025-06-28,0.25
PROMO-0051,Easter Basket,PRD-0042,2025-06-14,2025-06-28,0.25
PROMO-0051,Easter Basket,PRD-0089,2025-06-14,2025-06-28,0.25
PROMO-0052,Summer Refresh,PRD-0103,2025-07-12,2025-07-25,0.15
PROMO-0052,Summer Refresh,PRD-0144,2025-07-12,2025-07-25,0.15
PROMO-0053,Summer Refresh,PRD-0035,2025-07-11,2025-07-21,0.08
PROMO-0053,Summer Refresh,PRD-0076,2025-07-11,2025-07-21,0.08
PROMO-0053,Summer Refresh,PRD-0127,2025-07-11,2025-07-21,0.08
PROMO-0053,Summer Refresh,PRD-0071,2025-07-11,2025-07-21,0.08
PROMO-0054,Easter Basket,PRD-0118,2025-07-02,2025-07-13,0.15
PROMO-0054,Easter Basket,PRD-0071,2025-07-02,2025-07-13,0.15
PROMO-0054,Easter Basket,PRD-0046,2025-07-02,2025-07-13,0.15
PROMO-0054,Easter Basket,PRD-0092,2025-07-02,2025-07-13,0.15
PROMO-0055,Memorial Day,PRD-0140,2025-07-11,2025-07-21,0.12
PROMO-0055,Memorial Day,PRD-0144,2025-07-11,2025-07-21,0.12
PROMO-0056,Labor Day,PRD-0027,2025-07-10,2025-07-24,0.12
PROMO-0057,New Year New You,PRD-0099,2025-07-15,2025-07-25,0.05
PROMO-0057,New Year New You,PRD-0013,2025-07-15,2025-07-25,0.05
PROMO-0058,Fall Harvest,PRD-0082,2025-08-20,2025-09-10,0.12
PROMO-0058,Fall Harvest,PRD-0151,2025-08-20,2025-09-10,0.12
PROMO-0058,Fall Harvest,PRD-0003,2025-08-20,2025-09-10,0.12
PROMO-0058,Fall Harvest,PRD-0031,2025-08-20,2025-09-10,0.12
PROMO-0059,Back to School,PRD-0114,2025-08-09,2025-08-27,0.12
PROMO-0059,Back to School,PRD-0102,2025-08-09,2025-08-27,0.12
PROMO-0059,Back to School,PRD-0012,2025-08-09,2025-08-27,0.12
PROMO-0060,Summer Refresh,PRD-0101,2025-08-19,2025-09-03,0.1
PROMO-0060,Summer Refresh,PRD-0156,2025-08-19,2025-09-03,0.1
PROMO-0061,Super Bowl Special,PRD-0155,2025-08-13,2025-08-28,0.05
PROMO-0061,Super Bowl Special,PRD-0080,2025-08-13,2025-08-28,0.05
PROMO-0061,Super Bowl Special,PRD-0034,2025-08-13,2025-08-28,0.05
PROMO-0061,Super Bowl Special,PRD-0038,2025-08-13,2025-08-28,0.05
PROMO-0062,Black Friday Preview,PRD-0157,2025-08-12,2025-08-31,0.08
PROMO-0062,Black Friday Preview,PRD-0102,2025-08-12,2025-08-31,0.08
PROMO-0062,Black Friday Preview,PRD-0042,2025-08-12,2025-08-31,0.08
PROMO-0063,Fall Harvest,PRD-0012,2025-08-17,2025-08-30,0.05
PROMO-0064,Spring Clean,PRD-0145,2025-08-23,2025-09-04,0.08
PROMO-0064,Spring Clean,PRD-0128,2025-08-23,2025-09-04,0.08
PROMO-0064,Spring Clean,PRD-0044,2025-08-23,2025-09-04,0.08
PROMO-0064,Spring Clean,PRD-0144,2025-08-23,2025-09-04,0.08
PROMO-0065,Memorial Day,PRD-0085,2025-09-11,2025-09-20,0.15
PROMO-0065,Memorial Day,PRD-0095,2025-09-11,2025-09-20,0.15
PROMO-0065,Memorial Day,PRD-0142,2025-09-11,2025-09-20,0.15
PROMO-0065,Memorial Day,PRD-0143,2025-09-11,2025-09-20,0.15
PROMO-0066,Valentine Sale,PRD-0134,2025-09-23,2025-10-09,0.1
PROMO-0066,Valentine Sale,PRD-0005,2025-09-23,2025-10-09,0.1
PROMO-0066,Valentine Sale,PRD-0103,2025-09-23,2025-10-09,0.1
PROMO-0067,Black Friday Preview,PRD-0007,2025-09-04,2025-09-17,0.2
PROMO-0067,Black Friday Preview,PRD-0134,2025-09-04,2025-09-17,0.2
PROMO-0067,Black Friday Preview,PRD-0075,2025-09-04,2025-09-17,0.2
PROMO-0068,Labor Day,PRD-0135,2025-09-19,2025-09-29,0.08
PROMO-0069,Summer Refresh,PRD-0043,2025-09-21,2025-10-09,0.2
PROMO-0069,Summer Refresh,PRD-0070,2025-09-21,2025-10-09,0.2
PROMO-0069,Summer Refresh,PRD-0009,2025-09-21,2025-10-09,0.2
PROMO-0069,Summer Refresh,PRD-0161,2025-09-21,2025-10-09,0.2
PROMO-0070,Holiday Blowout,PRD-0089,2025-09-07,2025-09-14,0.2
PROMO-0070,Holiday Blowout,PRD-0118,2025-09-07,2025-09-14,0.2
PROMO-0070,Holiday Blowout,PRD-0044,2025-09-07,2025-09-14,0.2
PROMO-0070,Holiday Blowout,PRD-0116,2025-09-07,2025-09-14,0.2
PROMO-0071,Spring Clean,PRD-0016,2025-09-14,2025-09-29,0.15
PROMO-0071,Spring Clean,PRD-0041,2025-09-14,2025-09-29,0.15
PROMO-0071,Spring Clean,PRD-0145,2025-09-14,2025-09-29,0.15
PROMO-0071,Spring Clean,PRD-0061,2025-09-14,2025-09-29,0.15
PROMO-0072,Labor Day,PRD-0089,2025-09-22,2025-10-06,0.1
PROMO-0072,Labor Day,PRD-0050,2025-09-22,2025-10-06,0.1
PROMO-0072,Labor Day,PRD-0129,2025-09-22,2025-10-06,0.1
PROMO-0072,Labor Day,PRD-0149,2025-09-22,2025-10-06,0.1
PROMO-0073,Labor Day,PRD-0136,2025-10-22,2025-11-10,0.1
PROMO-0073,Labor Day,PRD-0057,2025-10-22,2025-11-10,0.1
PROMO-0073,Labor Day,PRD-0071,2025-10-22,2025-11-10,0.1
PROMO-0074,Memorial Day,PRD-0082,2025-10-10,2025-10-20,0.1
PROMO-0074,Memorial Day,PRD-0061,2025-10-10,2025-10-20,0.1
PROMO-0074,Memorial Day,PRD-0138,2025-10-10,2025-10-20,0.1
PROMO-0075,Labor Day,PRD-0082,2025-10-12,2025-10-27,0.2
PROMO-0075,Labor Day,PRD-0035,2025-10-12,2025-10-27,0.2
PROMO-0075,Labor Day,PRD-0161,2025-10-12,2025-10-27,0.2
PROMO-0076,Easter Basket,PRD-0097,2025-10-13,2025-11-03,0.1
PROMO-0076,Easter Basket,PRD-0043,2025-10-13,2025-11-03,0.1
PROMO-0076,Easter Basket,PRD-0083,2025-10-13,2025-11-03,0.1
PROMO-0076,Easter Basket,PRD-0011,2025-10-13,2025-11-03,0.1
PROMO-0077,Labor Day,PRD-0073,2025-10-03,2025-10-15,0.25
PROMO-0077,Labor Day,PRD-0135,2025-10-03,2025-10-15,0.25
PROMO-0077,Labor Day,PRD-0062,2025-10-03,2025-10-15,0.25
PROMO-0077,Labor Day,PRD-0059,2025-10-03,2025-10-15,0.25
PROMO-0078,Back to School,PRD-0041,2025-10-09,2025-10-30,0.08
PROMO-0078,Back to School,PRD-0031,2025-10-09,2025-10-30,0.08
PROMO-0078,Back to School,PRD-0069,2025-10-09,2025-10-30,0.08
PROMO-0079,Spring Clean,PRD-0014,2025-11-08,2025-11-25,0.12
PROMO-0079,Spring Clean,PRD-0029,2025-11-08,2025-11-25,0.12
PROMO-0080,Labor Day,PRD-0041,2025-11-23,2025-12-07,0.05
PROMO-0081,Valentine Sale,PRD-0135,2025-11-06,2025-11-19,0.1
PROMO-0081,Valentine Sale,PRD-0059,2025-11-06,2025-11-19,0.1
PROMO-0081,Valentine Sale,PRD-0082,2025-11-06,2025-11-19,0.1
PROMO-0081,Valentine Sale,PRD-0091,2025-11-06,2025-11-19,0.1
PROMO-0082,Labor Day,PRD-0161,2025-11-02,2025-11-23,0.08
PROMO-0083,Super Bowl Special,PRD-0117,2025-11-02,2025-11-23,0.05
PROMO-0083,Super Bowl Special,PRD-0052,2025-11-02,2025-11-23,0.05
PROMO-0084,Black Friday Preview,PRD-0010,2025-11-16,2025-11-25,0.15
PROMO-0084,Black Friday Preview,PRD-0003,2025-11-16,2025-11-25,0.15
PROMO-0084,Black Friday Preview,PRD-0085,2025-11-16,2025-11-25,0.15
PROMO-0085,Memorial Day,PRD-0081,2025-11-04,2025-11-25,0.15
PROMO-0085,Memorial Day,PRD-0128,2025-11-04,2025-11-25,0.15
PROMO-0085,Memorial Day,PRD-0154,2025-11-04,2025-11-25,0.15
PROMO-0086,Easter Basket,PRD-0078,2025-11-05,2025-11-25,0.08
PROMO-0086,Easter Basket,PRD-0057,2025-11-05,2025-11-25,0.08
PROMO-0086,Easter Basket,PRD-0032,2025-11-05,2025-11-25,0.08
PROMO-0086,Easter Basket,PRD-0093,2025-11-05,2025-11-25,0.08
PROMO-0087,New Year New You,PRD-0004,2025-12-21,2026-01-01,0.25
PROMO-0087,New Year New You,PRD-0095,2025-12-21,2026-01-01,0.25
PROMO-0088,Super Bowl Special,PRD-0050,2025-12-19,2026-01-05,0.25
PROMO-0088,Super Bowl Special,PRD-0114,2025-12-19,2026-01-05,0.25
PROMO-0089,Summer Refresh,PRD-0113,2025-12-17,2025-12-29,0.2
PROMO-0090,Holiday Blowout,PRD-0091,2025-12-06,2025-12-15,0.12
PROMO-0090,Holiday Blowout,PRD-0071,2025-12-06,2025-12-15,0.12
PROMO-0090,Holiday Blowout,PRD-0002,2025-12-06,2025-12-15,0.12
PROMO-0090,Holiday Blowout,PRD-0074,2025-12-06,2025-12-15,0.12
PROMO-0091,New Year New You,PRD-0093,2025-12-15,2026-01-03,0.05
PROMO-0091,New Year New You,PRD-0086,2025-12-15,2026-01-03,0.05
PROMO-0091,New Year New You,PRD-0161,2025-12-15,2026-01-03,0.05
PROMO-0092,New Year New You,PRD-0016,2025-12-21,2026-01-02,0.12
PROMO-0092,New Year New You,PRD-0034,2025-12-21,2026-01-02,0.12
PROMO-0093,Holiday Blowout,PRD-0034,2025-12-06,2025-12-19,0.15
PROMO-0093,Holiday Blowout,PRD-0084,2025-12-06,2025-12-19,0.15
PROMO-0093,Holiday Blowout,PRD-0103,2025-12-06,2025-12-19,0.15
PROMO-0094,Easter Basket,PRD-0128,2026-01-05,2026-01-19,0.12
PROMO-0094,Easter Basket,PRD-0104,2026-01-05,2026-01-19,0.12
PROMO-0095,Memorial Day,PRD-0151,2026-01-18,2026-02-08,0.15
PROMO-0095,Memorial Day,PRD-0063,2026-01-18,2026-02-08,0.15
PROMO-0095,Memorial Day,PRD-0071,2026-01-18,2026-02-08,0.15
PROMO-0095,Memorial Day,PRD-0024,2026-01-18,2026-02-08,0.15
PROMO-0096,Labor Day,PRD-0022,2026-01-17,2026-02-04,0.05
PROMO-0096,Labor Day,PRD-0159,2026-01-17,2026-02-04,0.05
PROMO-0096,Labor Day,PRD-0032,2026-01-17,2026-02-04,0.05
PROMO-0097,Labor Day,PRD-0048,2026-01-17,2026-01-27,0.25
PROMO-0097,Labor Day,PRD-0092,2026-01-17,2026-01-27,0.25
PROMO-0098,Memorial Day,PRD-0138,2026-01-15,2026-01-23,0.15
PROMO-0098,Memorial Day,PRD-0027,2026-01-15,2026-01-23,0.15
PROMO-0099,Valentine Sale,PRD-0128,2026-02-15,2026-02-24,0.12
PROMO-0099,Valentine Sale,PRD-0159,2026-02-15,2026-02-24,0.12
PROMO-0099,Valentine Sale,PRD-0015,2026-02-15,2026-02-24,0.12
PROMO-0099,Valentine Sale,PRD-0158,2026-02-15,2026-02-24,0.12
PROMO-0100,Back to School,PRD-0111,2026-02-10,2026-02-28,0.1
PROMO-0101,Spring Clean,PRD-0012,2026-02-07,2026-02-23,0.12
PROMO-0102,Back to School,PRD-0019,2026-02-23,2026-03-03,0.12
PROMO-0103,Memorial Day,PRD-0118,2026-03-14,2026-03-23,0.12
PROMO-0103,Memorial Day,PRD-0104,2026-03-14,2026-03-23,0.12
PROMO-0104,Valentine Sale,PRD-0152,2026-03-13,2026-03-26,0.08
PROMO-0105,Fall Harvest,PRD-0151,2026-03-12,2026-03-20,0.15
PROMO-0105,Fall Harvest,PRD-0110,2026-03-12,2026-03-20,0.15
PROMO-0106,Memorial Day,PRD-0006,2026-03-08,2026-03-28,0.1
PROMO-0107,Spring Clean,PRD-0149,2026-03-22,2026-04-09,0.12
PROMO-0107,Spring Clean,PRD-0106,2026-03-22,2026-04-09,0.12
PROMO-0107,Spring Clean,PRD-0066,2026-03-22,2026-04-09,0.12
PROMO-0107,Spring Clean,PRD-0071,2026-03-22,2026-04-09,0.12
PROMO-0108,Valentine Sale,PRD-0032,2026-03-05,2026-03-16,0.25
PROMO-0108,Valentine Sale,PRD-0009,2026-03-05,2026-03-16,0.25
PROMO-0109,Summer Refresh,PRD-0069,2026-04-20,2026-05-09,0.08
PROMO-0110,Valentine Sale,PRD-0126,2026-04-04,2026-04-20,0.15
PROMO-0111,Back to School,PRD-0070,2026-04-23,2026-05-13,0.2
PROMO-0112,Back to School,PRD-0152,2026-04-13,2026-04-27,0.25
PROMO-0112,Back to School,PRD-0063,2026-04-13,2026-04-27,0.25
PROMO-0113,Black Friday Preview,PRD-0067,2026-04-05,2026-04-20,0.15
PROMO-0113,Black Friday Preview,PRD-0162,2026-04-05,2026-04-20,0.15
PROMO-0113,Black Friday Preview,PRD-0090,2026-04-05,2026-04-20,0.15
PROMO-0114,Labor Day,PRD-0068,2026-04-22,2026-05-12,0.2
PROMO-0114,Labor Day,PRD-0086,2026-04-22,2026-05-12,0.2
PROMO-0114,Labor Day,PRD-0042,2026-04-22,2026-05-12,0.2
PROMO-0115,Easter Basket,PRD-0079,2026-04-08,2026-04-21,0.15
PROMO-0115,Easter Basket,PRD-0016,2026-04-08,2026-04-21,0.15
PROMO-0115,Easter Basket,PRD-0157,2026-04-08,2026-04-21,0.15
PROMO-0116,Valentine Sale,PRD-0157,2026-05-21,2026-06-07,0.2
PROMO-0116,Valentine Sale,PRD-0139,2026-05-21,2026-06-07,0.2
PROMO-0116,Valentine Sale,PRD-0013,2026-05-21,2026-06-07,0.2
PROMO-0116,Valentine Sale,PRD-0097,2026-05-21,2026-06-07,0.2
PROMO-0117,Super Bowl Special,PRD-0117,2026-05-13,2026-06-01,0.1
PROMO-0117,Super Bowl Special,PRD-0115,2026-05-13,2026-06-01,0.1
PROMO-0117,Super Bowl Special,PRD-0044,2026-05-13,2026-06-01,0.1
PROMO-0118,Memorial Day,PRD-0069,2026-05-06,2026-05-25,0.25
PROMO-0118,Memorial Day,PRD-0065,2026-05-06,2026-05-25,0.25
PROMO-0118,Memorial Day,PRD-0085,2026-05-06,2026-05-25,0.25
PROMO-0118,Memorial Day,PRD-0042,2026-05-06,2026-05-25,0.25
PROMO-0119,Holiday Blowout,PRD-0117,2026-05-02,2026-05-17,0.12
PROMO-0119,Holiday Blowout,PRD-0157,2026-05-02,2026-05-17,0.12
PROMO-0119,Holiday Blowout,PRD-0148,2026-05-02,2026-05-17,0.12
PROMO-0119,Holiday Blowout,PRD-0040,2026-05-02,2026-05-17,0.12
PROMO-0120,Labor Day,PRD-0024,2026-05-09,2026-05-19,0.05
PROMO-0120,Labor Day,PRD-0127,2026-05-09,2026-05-19,0.05
PROMO-0120,Labor Day,PRD-0103,2026-05-09,2026-05-19,0.05
PROMO-0121,Memorial Day,PRD-0011,2026-06-02,2026-06-13,0.08
PROMO-0121,Memorial Day,PRD-0020,2026-06-02,2026-06-13,0.08
PROMO-0121,Memorial Day,PRD-0055,2026-06-02,2026-06-13,0.08
PROMO-0121,Memorial Day,PRD-0158,2026-06-02,2026-06-13,0.08
PROMO-0122,Easter Basket,PRD-0086,2026-06-07,2026-06-27,0.08
PROMO-0122,Easter Basket,PRD-0004,2026-06-07,2026-06-27,0.08
PROMO-0122,Easter Basket,PRD-0062,2026-06-07,2026-06-27,0.08
PROMO-0123,Spring Clean,PRD-0070,2026-06-04,2026-06-22,0.15
PROMO-0123,Spring Clean,PRD-0060,2026-06-04,2026-06-22,0.15
PROMO-0123,Spring Clean,PRD-0111,2026-06-04,2026-06-22,0.15
PROMO-0123,Spring Clean,PRD-0069,2026-06-04,2026-06-22,0.15
PROMO-0124,Labor Day,PRD-0149,2026-06-10,2026-06-23,0.1
PROMO-0124,Labor Day,PRD-0100,2026-06-10,2026-06-23,0.1
PROMO-0124,Labor Day,PRD-0087,2026-06-10,2026-06-23,0.1
PROMO-0124,Labor Day,PRD-0074,2026-06-10,2026-06-23,0.1
PROMO-0125,Spring Clean,PRD-0132,2026-06-16,2026-06-30,0.25
PROMO-0126,New Year New You,PRD-0012,2026-07-12,2026-07-24,0.05
PROMO-0126,New Year New You,PRD-0159,2026-07-12,2026-07-24,0.05
PROMO-0126,New Year New You,PRD-0064,2026-07-12,2026-07-24,0.05
PROMO-0126,New Year New You,PRD-0043,2026-07-12,2026-07-24,0.05
PROMO-0127,Super Bowl Special,PRD-0084,2026-07-18,2026-08-08,0.08
PROMO-0127,Super Bowl Special,PRD-0045,2026-07-18,2026-08-08,0.08
PROMO-0127,Super Bowl Special,PRD-0058,2026-07-18,2026-08-08,0.08
PROMO-0127,Super Bowl Special,PRD-0093,2026-07-18,2026-08-08,0.08
PROMO-0128,Valentine Sale,PRD-0140,2026-07-19,2026-08-08,0.2
PROMO-0128,Valentine Sale,PRD-0155,2026-07-19,2026-08-08,0.2
PROMO-0129,Fall Harvest,PRD-0138,2026-07-11,2026-07-22,0.08
PROMO-0129,Fall Harvest,PRD-0129,2026-07-11,2026-07-22,0.08
PROMO-0129,Fall Harvest,PRD-0049,2026-07-11,2026-07-22,0.08
PROMO-0129,Fall Harvest,PRD-0099,2026-07-11,2026-07-22,0.08
PROMO-0130,Back to School,PRD-0152,2026-07-18,2026-08-01,0.15
PROMO-0130,Back to School,PRD-0016,2026-07-18,2026-08-01,0.15
PROMO-0131,Valentine Sale,PRD-0116,2026-08-22,2026-08-29,0.08
PROMO-0132,Memorial Day,PRD-0003,2026-08-08,2026-08-16,0.15
PROMO-0132,Memorial Day,PRD-0063,2026-08-08,2026-08-16,0.15
PROMO-0133,Super Bowl Special,PRD-0137,2026-08-12,2026-08-19,0.15
PROMO-0133,Super Bowl Special,PRD-0005,2026-08-12,2026-08-19,0.15
PROMO-0133,Super Bowl Special,PRD-0002,2026-08-12,2026-08-19,0.15
PROMO-0133,Super Bowl Special,PRD-0149,2026-08-12,2026-08-19,0.15
PROMO-0134,Easter Basket,PRD-0151,2026-08-01,2026-08-08,0.15
PROMO-0134,Easter Basket,PRD-0082,2026-08-01,2026-08-08,0.15
PROMO-0134,Easter Basket,PRD-0005,2026-08-01,2026-08-08,0.15
PROMO-0135,Holiday Blowout,PRD-0147,2026-09-06,2026-09-14,0.08
PROMO-0136,Spring Clean,PRD-0099,2026-09-07,2026-09-23,0.05
PROMO-0136,Spring Clean,PRD-0076,2026-09-07,2026-09-23,0.05
PROMO-0136,Spring Clean,PRD-0111,2026-09-07,2026-09-23,0.05
PROMO-0137,Summer Refresh,PRD-0065,2026-09-13,2026-09-27,0.2
PROMO-0137,Summer Refresh,PRD-0085,2026-09-13,2026-09-27,0.2
PROMO-0138,Super Bowl Special,PRD-0027,2026-09-21,2026-10-11,0.12
PROMO-0139,Super Bowl Special,PRD-0015,2026-09-13,2026-09-28,0.12
PROMO-0139,Super Bowl Special,PRD-0003,2026-09-13,2026-09-28,0.12
PROMO-0139,Super Bowl Special,PRD-0049,2026-09-13,2026-09-28,0.12
PROMO-0139,Super Bowl Special,PRD-0025,2026-09-13,2026-09-28,0.12
PROMO-0140,Holiday Blowout,PRD-0159,2026-09-21,2026-10-10,0.05
PROMO-0140,Holiday Blowout,PRD-0028,2026-09-21,2026-10-10,0.05
PROMO-0140,Holiday Blowout,PRD-0148,2026-09-21,2026-10-10,0.05
PROMO-0141,Black Friday Preview,PRD-0078,2026-09-07,2026-09-28,0.15
PROMO-0141,Black Friday Preview,PRD-0012,2026-09-07,2026-09-28,0.15
PROMO-0141,Black Friday Preview,PRD-0022,2026-09-07,2026-09-28,0.15
PROMO-0141,Black Friday Preview,PRD-0080,2026-09-07,2026-09-28,0.15
PROMO-0142,Easter Basket,PRD-0005,2026-10-06,2026-10-27,0.25
PROMO-0142,Easter Basket,PRD-0061,2026-10-06,2026-10-27,0.25
PROMO-0142,Easter Basket,PRD-0042,2026-10-06,2026-10-27,0.25
PROMO-0143,Black Friday Preview,PRD-0085,2026-10-13,2026-11-03,0.08
PROMO-0144,Easter Basket,PRD-0152,2026-10-08,2026-10-24,0.25
PROMO-0144,Easter Basket,PRD-0093,2026-10-08,2026-10-24,0.25
PROMO-0144,Easter Basket,PRD-0108,2026-10-08,2026-10-24,0.25
PROMO-0144,Easter Basket,PRD-0041,2026-10-08,2026-10-24,0.25
PROMO-0145,Summer Refresh,PRD-0014,2026-10-03,2026-10-18,0.08
PROMO-0145,Summer Refresh,PRD-0029,2026-10-03,2026-10-18,0.08
PROMO-0145,Summer Refresh,PRD-0123,2026-10-03,2026-10-18,0.08
PROMO-0146,Holiday Blowout,PRD-0092,2026-11-20,2026-12-09,0.12
PROMO-0146,Holiday Blowout,PRD-0008,2026-11-20,2026-12-09,0.12
PROMO-0146,Holiday Blowout,PRD-0078,2026-11-20,2026-12-09,0.12
PROMO-0146,Holiday Blowout,PRD-0127,2026-11-20,2026-12-09,0.12
PROMO-0147,Black Friday Preview,PRD-0121,2026-11-12,2026-11-27,0.25
PROMO-0147,Black Friday Preview,PRD-0054,2026-11-12,2026-11-27,0.25
PROMO-0147,Black Friday Preview,PRD-0106,2026-11-12,2026-11-27,0.25
PROMO-0147,Black Friday Preview,PRD-0025,2026-11-12,2026-11-27,0.25
PROMO-0148,Fall Harvest,PRD-0020,2026-11-10,2026-11-29,0.1
PROMO-0148,Fall Harvest,PRD-0025,2026-11-10,2026-11-29,0.1
PROMO-0149,Summer Refresh,PRD-0109,2026-11-13,2026-12-01,0.1
PROMO-0149,Summer Refresh,PRD-0090,2026-11-13,2026-12-01,0.1
PROMO-0150,Fall Harvest,PRD-0125,2026-11-03,2026-11-10,0.05
PROMO-0150,Fall Harvest,PRD-0101,2026-11-03,2026-11-10,0.05
PROMO-0150,Fall Harvest,PRD-0078,2026-11-03,2026-11-10,0.05
PROMO-0151,Back to School,PRD-0126,2026-11-03,2026-11-12,0.05
PROMO-0151,Back to School,PRD-0157,2026-11-03,2026-11-12,0.05
PROMO-0151,Back to School,PRD-0144,2026-11-03,2026-11-12,0.05
PROMO-0151,Back to School,PRD-0115,2026-11-03,2026-11-12,0.05
PROMO-0152,Super Bowl Special,PRD-0092,2026-12-12,2026-12-27,0.25
PROMO-0153,Labor Day,PRD-0109,2026-12-01,2026-12-12,0.15
PROMO-0153,Labor Day,PRD-0025,2026-12-01,2026-12-12,0.15
PROMO-0153,Labor Day,PRD-0158,2026-12-01,2026-12-12,0.15
PROMO-0153,Labor Day,PRD-0070,2026-12-01,2026-12-12,0.15
PROMO-0154,Memorial Day,PRD-0049,2026-12-06,2026-12-23,0.1
PROMO-0154,Memorial Day,PRD-0041,2026-12-06,2026-12-23,0.1
PROMO-0154,Memorial Day,PRD-0076,2026-12-06,2026-12-23,0.1
PROMO-0154,Memorial Day,PRD-0086,2026-12-06,2026-12-23,0.1
PROMO-0155,New Year New You,PRD-0123,2026-12-05,2026-12-13,0.12
PROMO-0155,New Year New You,PRD-0079,2026-12-05,2026-12-13,0.12
